mean_abs,variance,energy,diff_energy,range,pca1_std,label,aiLabel
0.631319975692571,2.36215241598625,2.43184311705151,0.195408604487162,12.75137409578,19.8176749702021,empty,normal
0.30068906968466,0.262075349257921,0.265515012553918,0.0964345516961524,6.00232197428165,4.05661442817414,empty,normal
0.293094676994975,0.243001985389324,0.247632195429313,0.0934604160143613,6.00232197428165,3.77310893373596,empty,normal
0.29517889082327,0.248217597140171,0.25249535963086,0.0916662719997767,6.51454486621119,3.81586713632621,empty,normal
0.296049851777346,0.251871794485581,0.25516002400375,0.0905980257678951,6.24753382495823,3.50128716261172,empty,normal
0.309104160625399,0.275296964475039,0.284482388542978,0.103113006645268,6.24753382495823,3.91363055199127,empty,normal
0.308487743617307,0.266601246555945,0.283534681467277,0.103126805065055,6.24753382495823,3.86990726549627,empty,normal
0.308643434294804,0.253527491002857,0.279409662099028,0.100605195527019,5.81466196772311,4.09335824804613,empty,normal
0.306141551120667,0.25535445408302,0.274924933176221,0.095069984845827,6.08108213600872,4.14904086446705,empty,normal
0.290328055660525,0.221463409610256,0.239100710457447,0.0844895551146295,6.08108213600872,3.56117427070316,empty,normal
0.303229543812206,0.2549543209648,0.270234001322472,0.0885596975669881,7.24042551185205,4.11256032151537,empty,normal
1.12013074586948,2.37034186263174,2.4237669913197,0.210394550910601,14.3526157838053,13.812700041988,static_person,normal
0.885026671170742,1.38922117388342,1.45430503333449,0.151990986318911,9.81300162261016,11.9493303992365,static_person,normal
0.743792123985441,1.00528050403484,1.04151519126544,0.165841829389917,8.29848523575522,10.3856780114552,static_person,normal
0.736269257852505,0.997932183959505,1.03999239510209,0.165392527700973,7.99587797897408,10.6399749731576,static_person,normal
0.657651694394621,0.814265252075297,0.814281272570777,0.168267553587668,8.1990028971749,9.68421385445812,static_person,normal
0.618177316395567,0.610717958893317,0.642742742013712,0.14453236244972,7.4689608722982,8.68972911552523,static_person,normal
0.611995992398015,0.624137404209322,0.638832032368348,0.129519184615414,7.4689608722982,8.64866528237685,static_person,normal
0.607810366451296,0.531606100942703,0.576868642795571,0.114463956583604,7.18116109016841,7.53706955806372,static_person,normal
0.576977445504687,0.485774777749662,0.512000313034297,0.114890795134607,5.39814764914635,7.42684569330824,static_person,normal
0.58562498914887,0.507418591039858,0.525478775591202,0.106204821877061,5.39814764914635,7.82022919435744,static_person,normal
0.563296466217817,0.46020057163779,0.484960348975785,0.103113782916343,5.39814764914635,7.7935505390811,static_person,normal
0.541984607835558,0.413989769117344,0.448963464162893,0.112159035617427,5.52570746609995,7.10598147633539,static_person,normal
0.576035578936388,0.423729806605026,0.493252450262165,0.0973843429009188,5.97999893727516,6.87746302992235,static_person,normal
0.555686669683286,0.421656150440252,0.476782127081806,0.127754606464792,5.97999893727516,6.17801152270399,static_person,normal
0.6576462518927,0.745565460941622,0.755502928037808,0.1797719554144,7.62372354787918,9.56109736315004,static_person,normal
0.69554678158312,0.880502452765904,0.880974302363959,0.203432795049212,7.62372354787918,10.1558533143774,static_person,normal
0.698233170223049,0.900872938043083,0.93089607013156,0.225307439204913,7.61291078934727,9.62744429863811,static_person,normal
0.691972239814461,0.888494028708964,0.909503382185589,0.208364296909454,7.55400693253676,10.0290296723775,static_person,normal
0.67761902132663,0.833573022203276,0.868888537097111,0.17610896524689,6.45559057858023,9.41936719392439,static_person,normal
0.669662172204391,0.858651342260318,0.88109629859164,0.171698421307679,7.37312325531199,10.4238603646335,static_person,normal
0.623584574967298,0.768943280172742,0.769720926019447,0.160669351347773,7.37312325531199,10.0631233972726,static_person,normal
0.820910942300059,2.85451213272634,2.9861376181596,0.292800521858312,13.7831370976867,21.85824142217,moving_person,normal
0.331911816852811,0.213046712607037,0.234706338466906,0.0711973906108265,6.62266555510683,3.55477299720113,moving_person,normal
0.327580830484632,0.203474423939236,0.231348570130397,0.0772260845515556,6.62266555510683,3.79739110208042,moving_person,normal
0.336154185542423,0.227925000980303,0.245724263907309,0.0819993602112945,6.21704643998878,3.8296993481096,moving_person,normal
0.339698496162787,0.227892538851733,0.249533342320108,0.0823809717019165,6.21704643998878,3.62726984500359,moving_person,normal
0.33085401560583,0.192838054412736,0.227803130687914,0.0854376755503529,5.69853530627893,3.60860048285133,moving_person,normal
0.344495570416985,0.235283906653675,0.258107183405712,0.0805673035320918,5.70920329317532,4.22847401806133,moving_person,normal
0.362514612584294,0.27129594387367,0.302146196216345,0.0789673261249004,6.44929222184167,4.08229064103369,moving_person,normal
0.368418863437901,0.300009418638564,0.319385466775353,0.0805997882626383,6.44929222184167,4.51510830937591,moving_person,normal
0.367387757818558,0.303160496440949,0.316534812090214,0.0731207557542871,6.44929222184167,4.63691371042276,moving_person,normal
0.353954301683988,0.272332687565199,0.288219975359879,0.0784141018254519,6.44929222184167,4.51434861572766,moving_person,normal
0.33802895280255,0.239081152907628,0.248772304320672,0.0819482669553235,5.40932961268807,3.74750241080912,moving_person,normal
0.33642333396736,0.22009576459077,0.239537063891245,0.0768417698200836,5.42128655288249,3.93533719892608,moving_person,normal
0.345945389568797,0.247428479134029,0.258986421616005,0.0740229990909891,5.64728502385877,3.84712818827704,moving_person,normal
0.357904527262969,0.267022288039172,0.281873002666595,0.077320407913054,5.94882460576225,3.7602413166993,moving_person,normal
0.36725796276307,0.307230066280538,0.320791757085817,0.0834639162206863,8.56616014150012,4.22012595609839,moving_person,normal
0.374981451161143,0.319750365834243,0.336151184143821,0.0819116496089441,8.56616014150012,4.23623032531325,moving_person,normal
0.37983158555152,0.31954088246355,0.346321218117197,0.0887583070468233,8.56616014150012,4.53259870363357,moving_person,normal
0.374240842081186,0.303152229581166,0.33033781227583,0.0810432089582071,8.50762395572075,4.19896337477637,moving_person,normal
0.645735195452692,1.45083649964957,1.46024379283025,0.200207069255343,12.4316164213172,14.6422939246723,moving_person,normal
0.216755784495272,0.0319664398422348,0.0685673144797585,0.0125718357145561,1.37796022462879,0.487493862846971,fall_candidate,fall_candidate
0.213046047767044,0.0307781364289799,0.066177538296274,0.0124627412000609,1.18927638745674,0.493700663740799,fall_candidate,fall_candidate
0.215304313671217,0.0307209512440568,0.067403280595334,0.0124061068349267,1.23656473424406,0.4737487876512,fall_candidate,fall_candidate
0.215705232944705,0.0303192366894196,0.0676421922089354,0.0122820868830635,1.22397307555763,0.484454944986025,fall_candidate,fall_candidate
0.215081038662518,0.0301601778116454,0.066983086946377,0.0120994304274866,1.3223230075676,0.482241381911263,fall_candidate,fall_candidate
0.995582821499052,3.74269282556106,4.20439686733792,0.0961683056971454,7.74680400062224,18.9764912617,fall_candidate,fall_candidate
0.995623598575069,3.72712916533179,4.20497943976964,0.100436606908501,7.84223103130534,18.9357149197255,fall_candidate,fall_candidate
1.00684368124095,3.743445723671,4.21275678095611,0.102714887588173,7.90665764077702,18.9640714165347,fall_candidate,fall_candidate
1.016234839907,3.75948588990684,4.2190349677156,0.104800785187626,7.90665764077702,18.9958120738173,fall_candidate,fall_candidate
0.242205119994476,0.0502829599266913,0.0868233926777822,0.0202235375166158,1.88392494089461,0.770540451574333,fall_candidate,fall_candidate
0.244642565305851,0.0489244315090658,0.0893463423782346,0.020409677764693,1.66440579610155,0.602969369011685,fall_candidate,fall_candidate
0.241233221768108,0.0500927181183643,0.0874836326459576,0.0204969874425828,1.66440579610155,0.614398828457074,fall_candidate,fall_candidate
0.242701283926031,0.0520791177913163,0.0889831277763653,0.0209223900129359,1.67011103076869,0.63343699734659,fall_candidate,fall_candidate
0.245618968127907,0.0514154620897755,0.0905662721649556,0.0208777440159668,1.71979916489533,0.641655218009334,fall_candidate,fall_candidate
0.248477286087203,0.0523954405141178,0.0921418557310933,0.0205310533938842,1.7209030609071,0.63575045317195,fall_candidate,fall_candidate
